Actual_AsR,Predicted_AsR
7.96,7.9751353
9.88,9.874778
15.48,15.464089
18.77,15.336534
20.96,20.90237
10.42,10.425595
19.88,10.99673
11.36,11.380606
10.78,10.7652445
18.9,18.8818
9.88,9.882787
7.98,8.016703
6.67,16.669333
6.9,6.9412346
15.71,15.697072
13.92,13.916726
15.84,15.827469
