Feature,Importance
F8,0.50881565
F16,0.2222258
F3,0.046697337
F10,0.042349905
F1,0.031197792
F12,0.026565123
F13,0.023528444
F2,0.019393539
F9,0.016977342
F15,0.01695113
F11,0.012535763
F7,0.009116875
F0,0.008971261
F6,0.007127438
F4,0.0035971978
F5,0.0025606758
F17,0.0013887784
F22,0.0
F26,0.0
F25,0.0
F24,0.0
F23,0.0
F14,0.0
F21,0.0
F20,0.0
F19,0.0
F18,0.0
F27,0.0
