Actual_AsR,Predicted_AsR
7.96,8.281262
9.88,10.340001
15.48,15.198444
18.77,18.105692
20.96,19.885605
10.42,11.015316
19.88,19.12811
11.36,12.217895
10.78,11.377997
18.9,17.821007
9.88,9.981256
7.98,8.487513
6.67,7.25067
6.9,7.1764765
15.71,15.681434
13.92,13.201625
15.84,15.78072
