Station_Index,Actual_AsR,Predicted_AsR
0,7.96,8.00334
1,9.88,9.887292
2,15.48,15.479568
3,18.77,18.761044
4,20.96,20.92226
5,10.42,10.422479
6,19.88,19.878197
7,11.36,11.361066
8,10.78,10.793926
9,18.9,18.883715
10,9.88,17.410906
11,7.98,14.426283
12,6.67,19.952736
13,6.9,15.817792
14,15.71,12.70555
15,13.92,15.06589
16,15.84,15.5814
